Sequence,Subpopulation,Cultivar ID,Plant Height (cm)
GAAAGCCGTATGTGTACCAACCTT,Temperate Japonica,C152,100.0
GGGAGCGACAGGTATGTTACCTTT,Indica I,W146,127.4
GGGAGCGGTAGTAATGTTACCTTT,Indica II,W150,104.6
GGGGGCCACCGTAGTACCACCCTC,VI/Aromatic,W129,151.2
GGGGGCGGTATGTATGTTACCTTT,Indica II,W086,103.4
GGGAGCGGTATGTATGTTACCTTT,Indica II,W195,123.8
GGGGGCGATCGTAATGTTACCTTT,Indica I,W138,102.0
GGGGGCGGTATTAATGTTACCTTT,Indica Intermediate,C167,108.23
GGGGGCCACCGTAATGTCTCCCCC,VI/Aromatic,W077,182.4
GGAAGCGATCGTAATGTTACCTCT,Indica Intermediate,C114,86.87
GGGAGCGGTATTAATGTTACCTTT,Indica Intermediate,C030,99.57
GGGAGCGGTATTAATGTTACCTTT,Indica Intermediate,C031,96.27
GGGAGCCGTATTAATGTTACCTTT,Indica Intermediate,W149,112.6
GGGAGCGATCGGAATGTTACCTTT,Indica II,C148,117.2
GGGGGCCACCGGTATGTCTCCCTC,Aus,W069,146.4
GGGGGCCACCGGTATGCTTCCTCT,Intermediate,W079,147.6
GAGAGCCATAGGTGTACCAACCTT,Temperate Japonica,W139,96.4
GGGAGCGGTATTAATGTTACCTTT,Indica II,W307,101.0
GGGAGCGGTATGAATGTTACCTTT,Indica II,W197,112.8
GGGGGCCATCGTAATGTTACCTCC,Indica Intermediate,W029,147.8
GAGAGCCATAGGTATGTTAACCCT,Temperate Japonica,W290,116.4
GGGGGCCACCGTAATGTTTCCTTC,Indica Intermediate,C129,166.87
GGGAGCGGTATTAATGTTACCTTT,Indica I,C019,80.25
GGGAGCGGTATTAATGTTTCCTTC,Indica I,C173,114.4
GGGGGCGGTATGTATGTTACCTTT,Indica I,C178,107.67
GGGAGCGGTATTAATGTTACCTCT,Indica I,C122,118.1
GGGAGCGGTATGTATGTTACCTTT,Indica Intermediate,W242,106.2
GGGGGCCATAGGAGTGTTAACCCC,VI/Aromatic,W050,174.8
GAAAGCCATAGGTGTACCAACCTT,Temperate Japonica,W305,74.0
GGGAGCGACCGGTGTGTTACCTTT,Indica Intermediate,W071,104.6
GGGAACGATCGTAATGTCACCTTC,Indica Intermediate,W101,149.8
GGGGGCCACCGTAATACCACCCCC,VI/Aromatic,W258,158.4
GGGAGCGGTATGAATGTTTCCTTT,Indica II,W172,100.2
AGGGGCCATAGGTAAGCCAACTTC,Tropical Japonica,W273,156.2
GAAGGCCATAGGTGTACCAACCTT,Temperate Japonica,C017,92.67
GAAAGCCATAGGTGTACCAACCTT,Temperate Japonica,C018,78.27
GGGGGCGACCGTAATGTTACCTTC,Indica I,W144,168.4
GGGAACCGTCGTAATGTTTCCCTT,Indica III,W112,167.2
GAAAGCCATAGGTGTGCCAACCTT,Japonica Intermediate,W061,121.8
GGGGGCCGTATGAATGTTTCCTTC,Intermediate,W192,121.2
GGGAGCGGTATGTATGTTACCTTC,Indica Intermediate,W239,109.8
GGGGGCCACCGTAATGTCTCCCCC,Aus,W330,149.6
GGGAGCGGTATTAATGTTACCTCT,Indica II,W223,103.6
GGGGGCCACCGTAATGTCTCCCTC,Aus,W296,138.8
GGGGGCCACCGTAATGTCTCCCTC,Aus,W297,161.2
GGGGGCCACCGGTATGTCTCCCTC,Aus,W287,150.2
AGGGGCCATAGTAAAGCCAACTTC,Tropical Japonica,C005,163.33
GGGGACGGTATGTATGTTACCTCT,Indica Intermediate,W078,96.8
AAGGGCCATAGGTGAGTTACTCCC,Temperate Japonica,C101,192.07
GGGGACGACAGTAATGTTACCTTC,Indica Intermediate,W198,180.0
GGGAGCGATCGTAATGTTACCTTC,Indica I,C127,152.54
GGGAACGACCGTAATGTTACCTCC,Indica I,C184,156.17
GAAAGCCATAGGTGTACCAACCTT,Temperate Japonica,C150,90.32
GGGAGCGGTATTTATGTTACCTTT,Indica Intermediate,C160,83.68
GGGAGCGGTATGTATGTTACCTTT,Indica II,W211,97.0
GGGAGCGGTATGTATGTCTCCCCC,VI/Aromatic,W306,129.6
GGGAGCGGTATTAATGTTACCTCT,Indica I,C059,113.43
GGGGGCGACCGTAATGTTTCCTTC,Indica I,C199,187.53
GGGAGCGACCGTAATGTTACCTCC,Indica I,C076,127.36
GGGGGCGACCGTAATGTTACCTCC,Indica I,C077,149.8
GGGGGCCACCGTAATGTTTCCTTT,Indica III,W009,193.8
GGGAGCGGTATTAATGTTACCTTT,Indica Intermediate,W180,108.0
GGGAGCGGTATTAATGTTACCTTT,Indica II,W224,116.0
GGGAGCGGTATGTATGTTACCTTT,Indica II,W168,101.4
GGGAGCGGTATTAGTGTTTCCTTT,Indica Intermediate,W181,105.8
GGGGACCACAGTAATGTTACCTTC,Indica Intermediate,W212,159.6
AAGGGCCATAGGTATACCAATCTC,Japonica Intermediate,W122,169.8
GGGAGCGGTAGGTATGTCACCTTT,Indica I,W262,83.8
GGGGACCACAGTAATGTTTCCTTC,Indica I,C200,189.1
GGGGGCGGTATGAATGTTACCTTT,Indica II,W044,98.8
AAGAGCCATAGGTGTACCACTCTT,Temperate Japonica,W038,138.0
GAAAGCCATAGGTGTGTTAACTTT,Temperate Japonica,W120,109.6
GGGAGCGGTATGTATGTTTCCTTT,Indica Intermediate,W147,117.6
GGGAACGATCGTAATGTTTCCTTT,Indica Intermediate,W148,168.4
GGGGGCCATAGGTAAGCCAACTTT,Tropical Japonica,W303,157.8
GGGGGCCACCGGTATGTTACCTTC,Indica II,W314,111.2
GGGAGCCACCGGTATGTTACCTTT,Indica Intermediate,W310,111.2
GAGAGCCATAGGTGTACCAACCTC,Japonica Intermediate,W127,142.6
GGGGGCCACCGGAATGTCTCCCTC,Aus,W090,137.4
GGGAGCGGTATTAATGTTACCTTT,Indica II,W151,98.0
GGGAGCCGTATTAATGTTACCTTT,Indica Intermediate,W233,114.2
GAAAGCCATAGGTAAACCAACCTC,Tropical Japonica,W003,140.4
AAGGGCCATAGGTGAGCCAACTTT,Tropical Japonica,W022,146.0
GGGGGCCACCGGTATGTCTCCCTC,Aus,W104,145.4
GGGAGCGGTATTAATGCTACCTTT,Indica II,W152,110.0
GAGAGCCATAGGAGTGTTAACCTC,Temperate Japonica,W082,125.0
GAAAGCCATAGGTGTGTTAACCTT,Temperate Japonica,W027,116.8
GGGAACGGTATTAATGTTACCTCT,Indica I,C156,73.13
GGGAGCGGTATTAATGTTACCTTT,Indica I,C037,105.33
GAGAGCGGTATGTATGTTACCTTT,Indica II,W153,103.8
GGGAGCGGTATGTATGCTACCTTT,Indica II,C050,108.81
GGGGGCGGTATTAATACTACCTTC,Indica Intermediate,C176,97.67
GGGGGCCATAGGTGAGTTACTTCT,Temperate Japonica,C083,174.7
GGGAGCGGTATTAATGTTACCTTT,Indica Intermediate,W264,91.4
GGGGGCGACCGGTATGTTTCCTTC,Indica I,W036,157.8
GAAAGCCATAGGTGTACCAACCTT,Temperate Japonica,W088,70.6
GGGAGCGGTATTAATGTTACCTTT,Indica II,W315,102.0
GGGAGCGGTATTAATGTTACCTTT,Indica II,W312,111.6
GGGAGCGGTATTAATGTTACCTTT,Indica II,W317,110.4
GGGGGCGACCGTAATGTTACCCTC,Indica Intermediate,W137,125.6
GGGAGCGGTATGAATGTCACCTTT,Indica Intermediate,W083,116.4
GGGGGCCATAGGTATGTTTACTTT,Intermediate,W304,95.8
GGGAGCGGTATGTATGTTACCTTT,Indica II,W182,101.2
AAGGGCCATAGGTGAGCCAACTTC,Tropical Japonica,W007,150.8
GAGAGCCATAGGTGTACCAACCTT,Temperate Japonica,W064,106.2
AGGAGCCATAGGAGAACCACTCCC,Temperate Japonica,C137,170.0
AAGGGCCATAGGAGTACCACTCTC,Temperate Japonica,C074,143.65
GAGGGCCGTATGTATGCCAACCTT,Tropical Japonica,C010,106.7
GGGGGCCACCGGTATGTCACCCCC,VI/Aromatic,W256,160.0
GAAAGCCATAGGTGTACCAACCTT,Temperate Japonica,W283,68.4
GAAGGCCATAGGTGTACCAACCTT,Japonica Intermediate,C057,123.63
GGGAGCGGTATGTATGTTACCTTT,Indica II,C069,115.8
GGGGGCCACCGGAATGTCACCCTC,Aus,W134,150.0
GGGGGCCACCGGAATGTCTCCCTT,Aus,W106,169.4
GAAAGCCATAGGTGAGCCAACCTT,Temperate Japonica,W193,121.4
GGGAGCGGTATGAATGTTACCTTC,Indica Intermediate,C027,100.47
GGGAGCGGTATTAATGTTACCTTC,Indica Intermediate,W199,125.2
GGGAGCGGTATTAATGTTACCTTT,Indica Intermediate,W043,105.4
GGGGGCCACCGGAATGTCTCCCTC,Aus,W096,165.2
GGGGGCCACCGGTATGTCTCCCCC,Aus,W095,165.8
GGGGGCCACCGGTATGTCTCCCTC,Aus,W142,149.4
GGGGGCCACCGTAATGTCTCCCTC,Aus,W141,151.6
GGGGGTCACCGGTATGTCTCCCTC,Aus,W028,164.2
GGGAGCGGTATGTATGCCACCTTT,Indica II,W243,105.6
GGGGGCCACCGTAATGCCTCCCCC,VI/Aromatic,C002,177.62
GGGGGCCACCGGTGTGCCTCCCCC,VI/Aromatic,W219,161.0
GGGAGCGATCGTAATGTTACCTCC,Indica I,C060,114.73
AAGGGCCATAGGTAAGCCAACTTC,Tropical Japonica,W288,144.2
GGGGGCCACAGTAATGTCTCCCCC,Aus,C015,152.2
AAGGGCCATAGTAAAGCCAACTTC,Tropical Japonica,W002,157.4
GGGGGCCACCGGTATGTCTCCTTT,Indica III,W089,136.4
GAAAGCCATAGGTGAACCAACCTT,Temperate Japonica,W250,123.2
GAGGGCGGTATGTGTGCCAACTTT,Tropical Japonica,W118,84.2
GGGAGCGGTATTAATGTTTCCTTT,Indica I,W274,70.8
GGGAGCGATCGTAATGTTACCTCT,Indica I,C155,69.47
GGGAGCGACCGTAATGTTTCCTTC,Indica I,C073,167.83
GGGAGCGATCGGTATGTTTCCTTT,Indica II,W194,108.8
GGGGGCCACCGTAATGTCACCCTC,Aus,C086,147.17
AAGAGCCATAGGAGTGTTAACCTT,Temperate Japonica,C181,137.9
GAAAGCCATAGGTATACCAACCTC,Japonica Intermediate,W323,136.4
GGGAGCGGTATGAATGTTTCCTTT,Indica II,W154,102.4
GAGGGCCATAGGTGTACCAACCTT,Temperate Japonica,C023,89.39
GGGGGCCACCGGAATGTCTCCCCC,Aus,W091,148.2
GGAAGCGGTAGGTATGTTTACTTT,Indica Intermediate,W155,98.4
AAGAGCCATAGGAGTGTTACTCTC,Temperate Japonica,C082,156.46
GGGGGCCACCGGAATGTCTCCCTC,Aus,W286,154.8
GGGGGCCACCGGTGTACCACCCCC,VI/Aromatic,W081,130.2
GGGAGCGGTATTAATGTTACCTTT,Indica II,W174,84.0
GAGGGCCATAGTTGTGTTAACCTT,Temperate Japonica,W068,139.8
GAAAGCCATAGGTGAACCAACCCC,Temperate Japonica,C063,115.54
GAGAGCCATAGGAGTGCCAACCTT,Japonica Intermediate,C003,141.57
GGGGGCCATAGTAATGTCTACCCC,Intermediate,W261,132.4
GAAAGCCATAGGTGTGTTAACCTT,Temperate Japonica,W209,142.4
GGGGGCGGTATTAATGTTACCTCT,Indica I,C039,109.43
GGGGGCGGTATGAATGTTACCTTT,Indica II,W237,115.8
GGGGGCCATAGGTAAGCCAACTTT,Tropical Japonica,W053,152.6
AGGGGCCATAGGTATGCCAACTTC,Tropical Japonica,W329,147.4
GGGGGCCATAGGTAAGCCAACTTT,Tropical Japonica,W057,182.2
GGGAACGATCGGTATGTTACCCTT,Indica II,C118,88.27
AGGGGCCATAGGTAAGTTACTCCC,Temperate Japonica,W319,174.2
GGGAGCGGTAGTAATGTTACCTCT,Indica I,C020,78.17
GGGGGCGGTATTAATGTTACCTCT,Indica I,C158,85.17
AAGGGCCATAGGTGAGTTAACCTC,Temperate Japonica,W325,135.8
GGGGGCGGTATGAATGTTACCTTT,Indica Intermediate,C166,94.73
GGGGGCGGTATGAATGTTACCTTT,Indica Intermediate,C042,103.67
GAAAGCCATAGGAGTACCAACCTC,Temperate Japonica,C052,107.0
GGGAGCGATCGTAATGTTAACTTT,Indica I,W156,99.2
GGGAGCCACCGTAATGTTACCCTT,Indica Intermediate,W145,177.4
GGGAACGGTATTAATGTTACCTCT,Indica I,C161,93.5
GGGAGCCATAGGTGTACCAACCTT,Japonica Intermediate,W019,124.8
GGGGACCACCGTAATGTTTCCTTT,Indica I,C080,170.53
GGGGGCCACAGTAATGTTTCCTTT,Indica I,C047,97.53
GAGGGCCATAGGTATGTCAATCTC,Temperate Japonica,C179,133.53
GAGAGCCATAGGTATACCAACCCC,Japonica Intermediate,C084,157.62
GAGAGCCATAGGTGTACCAACCTC,Japonica Intermediate,W326,155.4
GAAAGCCATAGGTATACCAATCTC,Japonica Intermediate,C185,145.0
GAAAGCCATAGGTGTGTTAACCTT,Temperate Japonica,W052,98.6
GGGGGCCATAGGTAAGCCAACTTT,Tropical Japonica,W275,148.2
GGGAGCGACCGTAATGTTACCTCC,Indica I,C081,155.8
GAAAGCCATAGGTGTACCAACCTT,Temperate Japonica,C154,77.43
GGGAACGGTATTAATGTTACCTTT,Indica Intermediate,W200,115.4
GGGGGCCATCGTAATGTTACCTTT,Indica I,W248,145.4
GGGGGCCACAGTAATGTTACCTTC,Indica I,C182,161.2
GGGGGCCACCGGTATGTTACCTTC,Indica III,W114,181.4
GGGGGCCACCGGAATGTTTCCCTC,Aus,W108,161.2
GGGGGCCACCGTAATGTCACCCTC,Aus,W105,156.6
GGGGGCCACCGTAATGTTACCCTC,Indica Intermediate,C098,178.27
GAGAGCCATAGGTGAGTTACTCCC,Temperate Japonica,C106,191.0
AAGGGCCATAGGTATATTAACCTT,Temperate Japonica,C195,171.79
GGGAGCGGTAGGTATGTTACCTTT,Indica Intermediate,C065,109.07
GGGAACGATCGTAATGTTTCCTCC,Indica I,W132,156.0
GGGAGCCATAGGAATGTTACCTTT,Indica Intermediate,W157,95.2
AAGAGCCATAGGAGTGTTAACCTC,Temperate Japonica,C075,131.3
AGGAGCCATAGTAGAGTTACTCCC,Temperate Japonica,C144,206.73
GGGAGCGGTATGAATGTTACCTTC,Indica Intermediate,C045,106.23
GGAAGCCGTATGTATACCAACCTT,Japonica Intermediate,C029,94.0
GGGAGCGGTATGAATGTTACCTTT,Indica I,C043,106.33
GGGGGCCACCGGTATGTCTCCCTC,Aus,W131,161.0
GGGGGCCACCGGAATGTCTCCTCC,Aus,W020,136.6
GGGGGCGATAGTAATGTTAACCTT,Intermediate,W175,101.0
GGGAGCGGTATTAATGTTACCTTT,Indica II,W040,108.4
GGGAGCGATAGGTATGTTACCTTT,Indica Intermediate,W213,137.4
GGGGGCGGTAGTAATGTTACCTTT,Indica II,W189,114.2
GGGAGCGGTATTAATGTTACCTTT,Indica II,W222,115.6
GGGAGCGGTATTAATGTTACCTTC,Indica Intermediate,W269,96.0
GGGAGCGATATGAATGTTACCTTT,Indica II,C164,95.53
AGGAGCGGTATGTATGTTACCTTC,Indica II,W188,102.0
GGGGGCCGTATGAATGTTACCTTT,Indica Intermediate,W187,105.2
GGGGGCGGTATTAATGTTACCTTT,Indica II,W169,93.6
GGGAGCGGTATTAATGTTACCTTC,Indica II,W073,98.8
GGGAGCGGTATTAATGTTTCCTTT,Indica II,W291,96.6
GGGGGCCACCGGTATGTCTCCTTT,Indica Intermediate,W066,102.2
GGGAGCGGTATTAATGTTTCCTTT,Indica II,W298,95.2
GGGAGCGGTATTAATGTTTCCTTC,Indica Intermediate,W084,114.4
GGGAGCGGTATGTATGTTACCTTT,Indica II,W301,95.6
GGGAGCGGTATGAATGTTACCTTT,Indica II,W289,104.4
GGGAGCGGTATTTATGTTACCTTT,Indica II,W293,83.4
GGGGGCGGTATTAATGTTACCTTT,Indica II,W046,96.0
GAGGGCCATAGGTGAGCCAACTTT,Tropical Japonica,C153,105.07
GGGGGCCATAGGAATGCTACCTTT,Indica Intermediate,W217,133.8
GGGGGCCACCGTAATGTCTCCCTT,Aus,W140,145.8
GGGGGCCACCGGTATGTCTCCCCC,Aus,W279,166.6
GGGAGCGGTATGTATGTTTCCTTT,Indica Intermediate,W299,90.8
GGGGGCCACCGGAATGTCTCCCTC,Aus,W214,153.8
GGGAGCGGTATGTATGTTACCTCT,Indica I,C040,102.46
GGGGGCGATCGTAATGTTAACTTT,Indica Intermediate,C117,110.43
GGGAGCGGTATGAATGTTACCTTT,Indica Intermediate,W201,108.2
GGGGGCCACAGGTATGTTACCTTC,Indica I,C125,145.65
GGGGACCACCGTAATGTTTCCTTT,Indica Intermediate,C097,172.2
GAGAGCCATAGGTGTACCAACCCT,Temperate Japonica,C056,99.03
GAAAGCCATAGGTGTGTTAACCTC,Temperate Japonica,W327,89.8
GGGAGCGATCGTAATGTTACCTTT,Indica I,C112,77.43
GGGAGCGATCGGTATGTTACCTTT,Indica I,C022,77.3
GGGGGCCACCGTAATGTTTCCTTC,Indica Intermediate,C096,166.4
GGGAGCGGTATGAATGCTACCTTT,Indica Intermediate,C049,103.13
GGGGGCCACCGTAATGTTACCTTT,Indica Intermediate,C132,169.67
GGGGGCCATCGGTATGTTTCCTTC,Indica Intermediate,W107,163.2
GAGGGCCACCGTAATGTTAACCCT,Japonica Intermediate,W047,203.2
GGGAACGATCGGAATGTTACCTTT,Indica II,C174,111.43
AAGGGCCATAGTAGAGCCACTCCC,Japonica Intermediate,W143,196.8
GGGGGCCACCGTAATGTTACCCTC,Indica Intermediate,W035,196.2
GGGGACGATCGTAATGTTACCTTT,Indica I,W058,150.6
GGGGGCCACCGGAATGTCTCCCTC,Aus,W092,144.8
GGGGGCCACCGTAATGTCTCCCTC,Aus,W215,154.4
GGGAGCGGTATGTATGTTACCTTC,Indica Intermediate,W085,118.6
GGGGACCACAGTAATGTTACCTCT,Indica I,W210,166.4
GAAAGCCATAGGTATACCAATCTC,Japonica Intermediate,W021,142.4
AGGAGCCATAGGAATACCACCCTT,Tropical Japonica,W173,121.6
GGGGGCCACCGGAATGTTTCCCTC,Aus,W292,164.2
GGGAGCGACCGGTATGTTTCCTTC,Indica I,W124,134.0
GAAAGCCATAGGTGTACCAACCTT,Temperate Japonica,W117,98.6
GAAAGCCATAGGTGTACCAACCTT,Temperate Japonica,W012,100.8
GAGGGCCATAGGTGTACTAACCTT,Temperate Japonica,W045,98.0
AGGGGCCATAGGTATGCCAACCTT,Tropical Japonica,W302,166.8
GGGAGCGATCGGTATGTTAACTCT,Indica I,C157,75.1
GGGAGCGATATTAATGTTACCTTT,Indica Intermediate,W265,120.4
GGGGGCCACCGTAATGTCTCCCCC,VI/Aromatic,W136,188.6
GGGGGCCGTATTAATGCCAACTTT,Intermediate,W294,118.8
GGGGGCCACAGTAATGTCTCCCCC,Aus,W277,142.0
GAGAGCCATAGGTGTACCAACCCT,Temperate Japonica,C016,77.73
GGGAGCGGTAGGTATGTTACCTTT,Indica Intermediate,W202,112.0
GAGAGCCATAGGAGTGTTACTCTC,Temperate Japonica,C071,128.2
GGGAGCGGTATGTATGTTTCCTTT,Indica III,W321,160.6
AGGGGCGATAGGTAAGCCAACTTT,Tropical Japonica,W257,171.6
GGGAGCGGTATTAATGTTACCTTT,Indica II,W295,99.6
GGGGGCCATCGTAATGTTTCCTCC,Indica I,C183,160.57
GAGGGCGGTATGAATGCCAACTTT,Tropical Japonica,W225,90.2
AAGAGCCATAGGAGTACTACTCTC,Temperate Japonica,C138,190.9
GGGAGCCGTATGAATGTTACCTTT,Indica Intermediate,W322,109.0
GAGGGCCATAGGAGAACTACTCTC,Temperate Japonica,C004,140.4
GAAAGCCATAGGTGTACCAACCTT,Temperate Japonica,C028,86.97
GAAAGCCATAGGTGTACCAACCTT,Temperate Japonica,C116,87.03
GGGGGCCACCGTAATGTTTCCTTT,Indica Intermediate,W203,185.6
GGGAGCGGTATTAATGTTACCTCT,Indica I,C058,103.7
GGGGGCGATCGGTATGTTTCCTTC,Indica I,C066,120.27
GGGGGCCATCGTAATGTTTCCTCC,Indica I,C128,158.23
GAGGGCCATAGTAGAACTAACCTT,Temperate Japonica,C087,141.27
AAAGGCCATAGGTGTACTACTCTT,Temperate Japonica,C032,107.8
GGGGGCCATAGTAGAGCCAACTTC,Tropical Japonica,W110,154.4
GGGAACGATCGTAATGTTACCTCT,Indica I,C033,132.04
GAAAGCCATAGGTGTACCAACCTT,Temperate Japonica,W130,92.6
GAAAGCGGTATGTGTACCAACTTT,Japonica Intermediate,C014,82.43
GAAAGCCGTATGTATGTTAACCTT,Intermediate,W158,107.2
GAAAGCCATAGGTGTGCCAACTTT,Temperate Japonica,W226,93.2
GGGAGCCACCGGAATGTTACCTTC,Indica Intermediate,W282,134.8
GAAGGCCATAGGTGTACCAACCTT,Temperate Japonica,C177,112.87
GGGGACCACCGTAATGTTTCCTTT,Indica I,C104,179.14
GGGGGCCACCGTAATGTTTCCTTT,Indica I,C108,156.8
GGGGGCCACCGGTATGTTACCTTT,Indica III,W178,97.8
GGGGGCCACCGGTATGTTTCCCTC,Indica Intermediate,W037,173.8
GGGGGCCACCGTAATGTTACCTTT,Indica I,C197,175.77
GGGGGCCACAGTAATGTTACCTCC,Indica I,W001,146.4
GGGGGCCATCGTAATGTTACCTTC,Indica I,C091,170.07
GGGGGCCATCGTAATGTTAACTTC,Indica I,C092,168.47
GGGGACCACCGTAATGTTACCTTT,Indica I,W204,154.2
GGGAGCGGTATTAATGTTACCCTT,Indica Intermediate,C124,110.27
GGGAGTCATCGGTATGTTACCTTC,Indica Intermediate,C094,154.87
GGGAGCGGTATGTATGTTACCTTT,Indica II,W176,101.4
GGGAGCGGTATGTATGTTACCTTT,Indica II,C011,100.43
GGGGACCACCGTAATGTTTCCTTT,Indica Intermediate,C194,173.4
GGGAGCGGTATGTATGCTAACTTT,Indica II,C147,108.1
AAGGGCCATAGGAGAGCCACTTTT,Tropical Japonica,W067,152.6
GGGGGCCACCGGAATGTCTCCCCC,Aus,W278,146.6
GGGAGCGGTATGTATGCTACCTTT,Indica Intermediate,C053,116.63
GGGAGCCGTATGAATGTTACCTTT,Indica Intermediate,C009,106.8
GGGAGCGGTAGTAATGTTTCCTTT,Indica III,C142,198.57
GGGAGCGGTAGTAATGTTTCCTTT,Indica III,C107,193.67
GGGAGCGGTATGTATGTTACCTTT,Indica II,W177,100.0
GGGAGCCACCGGAATGTTACCTTT,Indica Intermediate,W221,112.4
AGGGGCCATAGGTGAGTTACTCTC,Temperate Japonica,C079,143.32
AGGGGCCATAGGTGAGTTACTCTC,Temperate Japonica,C133,170.8
AAGAGCCATAGGAGTGTTAACCTC,Temperate Japonica,C067,117.93
GGGGGCCACCGGAATGTCTCCCCC,Aus,W048,190.2
GGGGGCCACCGTAATGTCTCCCTC,Aus,C013,150.43
GGGGACGACCGTAATGTTTCCTTC,Indica I,W039,152.0
GGGGGCCACCGGTATGTCTCCCTC,Aus,W094,141.8
GGGGGCCACAGTAATGTTTCCTTC,Indica I,C141,190.93
GGGGGCCACAGTAATGTTTACTTC,Indica I,C088,135.4
GGGAGCGGTATTAATGTTACCTTT,Indica I,C151,107.73
GGGAACGGTATTAATGTTACCTTT,Indica I,C165,96.03
GGGAACGATCGTAATGTTTCCTTT,Indica I,C072,158.07
GAGGGCCATAGGTATGCCAACCTT,Tropical Japonica,W062,153.4
GGGGGCCATCGTAGTGTTTCCTTT,Indica Intermediate,C162,97.77
GGGGGCCACCGTAATGTCTCCCTC,Aus,W025,154.2
GGGAGCGGTATGTATGTTACCTTT,Indica II,W316,99.0
GAGGGCCATAGTAGTGCCAACTTT,Tropical Japonica,W300,107.2
AAGGGCCATAGGAGTGTTACTCTT,Temperate Japonica,C187,144.47
GAAAGCCGTATGTATGTTAACTTT,Temperate Japonica,C119,86.17
GAAAGCCATAGGTGTACCAACCTT,Temperate Japonica,C146,74.7
GAGAGCCATAGGTGTGTTAACCTT,Temperate Japonica,W059,115.8
GAAAGCCATAGGTGTACCAACCTT,Temperate Japonica,W016,78.8
GGGAGCGGTATTAATGTTACCTTT,Indica II,W309,112.2
GGGAGCGGTATGTATGTTACCTTT,Indica Intermediate,W227,106.6
GGGAGCGGTATTAATGTTACCTTT,Indica II,W228,115.0
GGGAGCGGTATTAATGTTACCTTT,Indica II,W183,96.6
GGGAGCGGTATTTATGTTACCCTT,Indica II,W313,110.4
GAGGGCCATAGGTAAGCCAACCTT,Tropical Japonica,W041,169.4
GGGAGCGGTATTAATGTTACCTTT,Indica Intermediate,W271,95.8
GGGGGCCACCGTAATGTCTCCCTC,Aus,W103,111.4
GGGGGCCATAGGTAAGCCAACTTT,Tropical Japonica,W024,139.8
AGGGGCCATAGGTAAGCCAACCTC,Tropical Japonica,W102,182.6
GAGGGCCATAGTAAAGCCAACTTC,Tropical Japonica,W284,135.4
GGGAGCGGTATTAATGCCACCTTT,Indica II,W244,102.4
GGGGGCCACAGTAATGTTTCCTTC,Indica I,W126,157.6
GGGAGCGATCGTAATGTCACCTTT,Indica III,W276,160.2
GGGGGCCACCGTAATGTCTCCCTC,Aus,W034,165.8
GGGGACCATCGGTATGTTTCCTTC,Indica I,W033,155.0
GAAAGCCGTATGTGTGTTAACTTT,Intermediate,C051,99.9
GGGGACCACCGTAATGTTACCTTT,Indica I,W205,161.8
GAAAGCCATAGGTATACCAACCTT,Temperate Japonica,W013,98.6
GGGAGCGACCGGTATGTTTCCTTT,Indica II,W241,119.2
GGGGGCCACCGGAATGTCACCCTC,Aus,W049,163.8
GGGAGCGGTATTAATGCCACCTTT,Indica II,W236,101.8
GGGAGCGGTATTAATGTTACCTTT,Indica II,W170,90.6
GGGAGCGGTATGTATGTTACCTTT,Indica II,W311,100.6
GGGAGCGGTATGTATGTTACCTTT,Indica II,W184,98.0
GGGGGCGGTATTAATGTTACCTTT,Indica II,W185,95.6
GGGAGCGGTATTAATGTTACCTTT,Indica II,W308,109.4
GGGGGCCGTATGAATGTTTCCTTC,Intermediate,W191,121.0
GAGGGCCATAGGAGAACCACTCTT,Temperate Japonica,C189,162.36
GGGAGCCGTATGTATGTTACCTTT,Indica Intermediate,W234,112.8
GGGGGCGGTATGTATGTTACCTTT,Indica Intermediate,C025,82.83
GGGGGCCATCGTAATGTTTCCTTC,Indica Intermediate,C078,172.4
GGGGACCACCGGTATGTTACCTTC,Indica I,C143,170.36
GGGGGCGATCGGTATGTTACCTTT,Indica I,W318,139.3
GGGAACCACCGGTATACTACCTTT,Indica Intermediate,C102,150.67
AAGGGCCATAGTAAAGCCAACTTC,Tropical Japonica,W004,158.2
GGGAGCGGTAGGTATACCACCTTT,Indica II,W159,95.2
GGGGGCCATAGGTAAGCCAACTTT,Tropical Japonica,W065,149.4
GGGGGCCATAGGTGAGCCAACTTT,Tropical Japonica,W017,126.2
GGGGGCGATAGGTAAGTTACCCTT,Intermediate,W055,171.4
GGGGGCCACCGTAATACCTCCCTC,Indica Intermediate,W042,185.4
GGGGGCCACCGGTATGTCTCCCCT,VI/Aromatic,W014,158.0
GGGAGCGGTATGTATGTTACCTTT,Indica II,W051,107.4
AGGGGCCATAGGTAAACCAACTTT,Tropical Japonica,W251,129.8
GGGGACCATCTTAATGTTACCTTC,Indica Intermediate,W246,151.0
GGGGGCCACCGTAATGTCTCCCTC,Aus,W280,145.8
GGGAGCGATATTAATGTTACCTTT,Indica Intermediate,W263,114.8
GGGGGCCACCGGTATACCTCCCCC,VI/Aromatic,W252,178.0
GGGAGCCATCGTAATGTTTCCCCC,Indica I,C001,144.13
GGGGGCCACCGTAATGTCTCCCTC,Aus,W015,157.8
GGGGGCCATAGGTGAGCCAACTTT,Tropical Japonica,W254,143.4
GGGAGCGACCGTAATGTTACCTTT,Indica I,C055,119.03
GAGAGCCATAGGTATACCAATCTC,Japonica Intermediate,C186,180.0
GGGGACGATCGTAGTGTTACCTTT,Indica Intermediate,C038,101.33
GGGGACCACCGTAATGTTACCTTT,Indica Intermediate,C090,177.29
GAGAGCCATCGGTATGTCACCCTC,Intermediate,W097,137.0
GGGGACCACCGTAATGTTACCCTC,Indica Intermediate,W075,186.2
AAGGGCCATAGGTAAGCCAACTTT,Tropical Japonica,W008,147.0
GAAAGCCATAGGTGTGCCAACCTT,Japonica Intermediate,W010,135.0
GGGGGCCATAGGTAAGCCAACTTT,Tropical Japonica,W253,146.2
GGGGGCCACCGTAATGTTTCCTTT,Indica III,W111,203.6
GGGAGCGGTATTAATGTTACCTTT,Indica Intermediate,C006,108.23
GGGAGCGGTATTAATGTTACCTTT,Indica Intermediate,C007,107.97
GAGAGCCATAGGTGTACCAACCCC,Japonica Intermediate,C085,147.1
GAAAGCCATAGGAGTGTTAACCTT,Temperate Japonica,W160,96.0
AAGAGCCATAGGTGAACCAACCTT,Temperate Japonica,W011,116.8
GGGAACCATCGTAATGTTACCCTC,Indica Intermediate,W135,172.8
AAGAGCCATAGGTGTGTTAACCTT,Temperate Japonica,W281,150.0
GGGAACGATCGTAATGTTTCCTCT,Indica Intermediate,C036,95.07
GAGAGCGATCGGTATGTTACCCTT,Indica Intermediate,W070,160.4
GAAAGCCATAGGTGAACCAACCCT,Temperate Japonica,C120,97.63
GGGAGCGGTATTAATGTTACCTTT,Indica II,W179,93.8
GAAAGCCATAGGTATACCACCCTT,Intermediate,W328,117.4
GGGGGCCATAGGTAAGCCAACTTT,Tropical Japonica,W113,141.0
GGGAGCGACCGTAATGTTTCCTTC,Indica I,W031,159.6
GGGGGCCACCGGAATGTCTCCCTC,Aus,W099,149.0
GAAAGCCATAGGTGAACCAACCTT,Temperate Japonica,W060,119.4
GGGGGCCACCGTAATGTCTCCCTC,Aus,W072,154.0
GGGGGCCACCGGAATGTTTCCCTC,Aus,W100,177.2
GGGGGCCACCGGTATGTCTCCTTT,Indica III,W093,133.0
GAAAGCCATAGGTGTGTTAACCTT,Temperate Japonica,C064,103.3
GGGGATCACAGTAATGTTTCCTTC,Indica I,W235,148.4
GGGGGCGGTATGTATGTTACCTTC,Indica Intermediate,C008,87.47
GGGGGCCATAGGTAAGCCAACTTT,Tropical Japonica,W005,133.8
GGGGGCCATAGGTAAACCAACCTT,Tropical Japonica,C123,118.83
GAAAGCCACAGGTAAGCCTACCTT,Intermediate,W128,149.8
GAAAGCCATAGGTGAGTTAACCTT,Temperate Japonica,C012,114.1
GGGGGCCACCGTAATACTACCTTC,Indica Intermediate,W074,162.2
GGGAGCGGTAGTAATGTTACCTTC,Indica I,C041,113.1
GGGAGCGGTATGAATGTTACCTTT,Indica II,C068,109.6
GGGAGCGGTATTAATGTTACCTTT,Indica Intermediate,C169,118.07
GAGAGCCATAGGTGAGTTAACCTT,Temperate Japonica,W056,129.0
GGGGGCCACCGTAATGTCTCCCCC,VI/Aromatic,W220,172.0
GGGGGCCACCGGTATGTCTCCCTC,Aus,W076,155.0
GGGGGCCATAGGTATGCTACCTTT,Indica Intermediate,W218,133.6
GGGGGCCACCGTTATGTCTCCCTC,Aus,W121,177.6
GGGAACCATCGTAATGTTACCTTC,Indica Intermediate,W133,157.8
GAAAGCCATAGGTGAACCAACCTT,Temperate Japonica,W249,125.8
GGGAGCCGTATGTATGTTACCTTT,Indica Intermediate,W186,98.2
GGGGGCGGTATTAATGTTACCTTT,Indica Intermediate,C044,104.33
GGGAGCCGTAGTAATGTTACCCTT,Indica Intermediate,W240,111.6
GGGAGCCACCGGTATGTCACCCTT,Indica Intermediate,W030,172.6
GGGGGCCACCGGTATGTCTCCCTC,Aus,W115,153.4
GAGAGCCATAGGAGTGTTACTCTT,Temperate Japonica,C089,142.43
GGGAGCGACCGTAATGTTTCCTTC,Indica I,W032,159.6
GGGAGCGATAGTAATGTTAACTTT,Indica Intermediate,W245,121.6
GGGAGCGGTATGTATGTTACCCTT,Indica Intermediate,W171,96.8
GGGAGCCACCGTAATGTTTCCTTT,Indica Intermediate,W054,190.2
GGGGACCACCGTAATGTTTCCTTC,Indica Intermediate,W272,155.6
GGGAGCGGTATGTATGTTACCTTT,Indica II,W216,113.8
GGGAGCGGTATTAATGCCACCTTT,Indica II,W259,106.0
GGGAGCGGTATGAATGTTACCTTT,Indica II,W238,95.4
GAGGGCCATAGTAAAGCCAACTTT,Tropical Japonica,W285,134.6
AAGGGCCATAGGTATGCCAACTTC,Tropical Japonica,W260,134.0
GGGGACCACAGTAATGTTACCTTT,Indica I,W080,141.4
GGGGGCCACCGGAATGTTTCCCTC,Aus,W098,158.8
GAGAGCCATAGGTGTACCAACCTT,Temperate Japonica,W018,93.4
GAAAGCCATAGGTGTGCCAACCTT,Japonica Intermediate,W063,114.2
AAAAGCCATAGGTGAGCCAACTTT,Tropical Japonica,W119,95.4
GGGGGCGATCGTAATGTTTCCTCC,Indica I,C180,147.15
GGGGACCACCGGAATGCTTCCTTT,Indica III,W023,165.8
AAGGGCCATAGTAAAGCCAACCTT,Tropical Japonica,W116,175.4
GGGGGCCATAGGTAAGCCAACTTT,Tropical Japonica,W006,149.8
GAGGGCCATAGGTAAGCCAACTTT,Tropical Japonica,W123,140.8
GAAAGCCATAGGTGTACCAACCTT,Temperate Japonica,C026,104.7
GGGGACCACAGTAATGTTTCCTTC,Indica Intermediate,W320,177.2
GGGAACCATCGGTATGTTTCCTTC,Indica Intermediate,C099,176.8
GGGGGCCACCGTAATGTTTCCTTC,Indica Intermediate,C100,166.45
GGGGGCCATCGTAATGTCACCTTT,Indica Intermediate,C105,170.17
GGGGGCGACCGTAATGTTTCCTTT,Indica I,C109,162.1
GGGGGCGGTATGAATGTTAACTTT,Indica II,C115,80.4
GGGAGCGATCGTAATGTCTCTCTC,Indica I,C139,185.33
GGGAGCGGTATGTATGTTACCTTT,Indica I,C062,105.5
GAAAGCCATAGGAGTGTTAACCTT,Temperate Japonica,W109,99.4
GGGGACCACCGGTATGTTTCCTTC,Indica I,W026,160.6
GGGAGCGGTAGTAATGTTACCTTT,Indica Intermediate,W268,91.4
GGGGGCCATCGTAATGTTTCCTTT,Indica Intermediate,C192,185.07
GGGAGCGGTATTAATGTTACCTTC,Indica Intermediate,W206,112.0
GGGAGCCATAGTAGAGTTACTCCC,Temperate Japonica,C134,172.46
GGGGGCCACCGTAATGTTACCTTC,Indica I,C140,164.4
GGGAGCGGTATTAATGTTACCTTT,Indica II,W229,119.4
GGGAGCGGTATTAATGTTACCTTT,Indica II,W230,-9.0
GGGAGCGGTATGTGTGTTACCTTT,Indica II,W231,117.0
GGGAACGATAGTAATGTTTCCTCT,Indica Intermediate,C121,150.67
GGGAGCGGTATTAATGCTACCTCT,Indica I,C021,80.83
GGGGGCGACCGTAATGTTTCCTTC,Indica I,C190,160.9
GGGGGCCACCGTAATGTTACCTTC,Indica I,C110,159.33
AAGGGCCATAGGAGAGTTAACCTC,Temperate Japonica,C130,155.4
AAGGGCCATAGGAGAGTTAACCTC,Temperate Japonica,C093,164.73
GGGAGCGGTAGTAATGTTACCTTT,Indica I,C170,94.87
GGGAGCGGTAGTAATGTTACCTTT,Indica Intermediate,C046,172.37
GGGAACGATCGTAATGTTACCTTT,Indica Intermediate,C113,73.77
GGGGGCCACAGTAATGTTTCCTCC,Indica I,C202,176.33
GGGGGCGACCGGTATGTTTCCTTC,Indica I,C095,163.37
GGGGGCCACAGTAATGTTTCCTTC,Indica I,C135,136.39
AAGGGCCATAGGAGAACCACTCCC,Temperate Japonica,C111,206.13
AAGGGCCATAGGTGTGTTAACCTC,Temperate Japonica,C171,140.61
GAGGGCCATAGGTGTGTTAACCTT,Temperate Japonica,C054,97.9
GGGGACCATCGTAATGTTACCTTC,Indica I,C131,165.07
GGGAGCGGTAGGAATGTTACCTTT,Indica Intermediate,C168,104.87
GGGAGCGGTAGGTATGTTACCTTT,Indica II,W161,102.0
GGGAGCGGTATGTATGTTACCTTT,Indica II,C061,109.37
AAGGGCCATAGGAGTGTTAACCTT,Temperate Japonica,C188,137.8
AAAGGCCATAGGTGTACCAACCTT,Temperate Japonica,C035,102.58
GGGGACCACAGTAATGTTACCTCT,Indica I,W247,170.2
GGGGACGGTATTAATGTTACCTTC,Indica Intermediate,W270,99.0
GGGGACCACCGTAATGTTTCCTTC,Indica Intermediate,C201,194.93
GAAAGCCATAGGTGTACCTCTCTT,Intermediate,W125,152.0
GGAAGCGATCGGTATGTTAACTTT,Indica I,W087,77.2
GAGAGCCATAGGTGAACCAACCTT,Temperate Japonica,C070,97.8
GGGGACGATCGTAATGTTACCTTC,Indica I,C191,171.27
GAAAGCCATAGGAGTACCAACCTT,Temperate Japonica,W162,98.4
GGGAGCCGTAGTTATGTTACCTTT,Indica Intermediate,W163,91.4
GAAAGCCATAGGTGTGTTACTCTT,Temperate Japonica,W207,114.6
GGGAGCCGTATGTATGTTACCTTT,Indica Intermediate,W267,114.4
GGGGGCGATCGTAATGTTACCTTC,Indica III,W266,132.6
AGGGGCCATAGGTAAGTTACTCTC,Temperate Japonica,C103,202.07
AGGGGCCATAGGTAAGTTACTCTC,Temperate Japonica,C196,193.0
GAAAGCCATAGGTGTGTTAACCTT,Temperate Japonica,C048,97.33
GGGGGCGATATGAATGCTACCTTT,Indica II,C163,104.17
GGGAGCGATCGTAATGTTACCTTT,Indica Intermediate,W164,88.6
GGGAGCGGTATTAATGTTACCCTT,Indica I,C203,77.33
GGGGACCACAGTAATGTTTCCTTC,Indica I,C136,182.14
GGGAGCGATCGTAATGTTTCCTTT,Indica Intermediate,C175,111.2
GGAAGCGATCGTAATGTTAACTCT,Indica I,C145,92.33
GGAAGCGATCGTAATGTTAACTCT,Indica I,C024,85.33
GGGGGCCGTATGAATGTTACCTTT,Indica Intermediate,W165,103.8
GGGGGCCGTATGTAAGTTAACTTT,Temperate Japonica,W208,119.6
GAAAGCCATAGGTGAACCAACCCT,Temperate Japonica,C149,102.47
GAAAGCCATAGGTGAACCAACCCT,Temperate Japonica,C172,102.37
GAGGGCCATAGGTGTGTTAACCTT,Temperate Japonica,C034,110.5
GGGAACCATCGTAATGTCTCCTCC,Indica I,C193,158.4
GGGAGCGGTATGTATGTTACCTTT,Indica Intermediate,W166,137.8
GGGAACGGTATTAATGTTACCTCT,Indica I,C159,95.8
GGGAGCGGTATGTATGTTACCTTT,Indica Intermediate,W167,135.2
GAGAGCCATAGGTATACCAACCTC,Japonica Intermediate,W324,156.0
GGGGACCACCGTAATGTTTCCTTC,Indica Intermediate,C198,173.77
GGGGGCCACCGGTGTGCCTCCCCC,VI/Aromatic,W255,145.8
