Cultivar ID,vg0130976864,vg0135617816,vg0138428840,vg0713178880,vg0819793460,vg1019044175,vg1123563633,vg1207667840,Subpopulation,Plant Height (cm)
C001,G,C,T,T,T,C,C,C,Indica I,144.13
C002,G,C,C,T,T,C,C,C,VI/Aromatic,177.62
C003,G,C,T,T,A,C,T,T,Japonica Intermediate,141.57
C004,G,C,T,A,A,C,T,C,Temperate Japonica,140.4
C005,G,C,T,A,A,T,T,C,Tropical Japonica,163.33
C006,G,C,T,T,A,T,T,T,Indica Intermediate,108.23
C007,G,C,T,T,A,T,T,T,Indica Intermediate,107.97
C008,G,C,T,T,A,T,T,C,Indica Intermediate,87.47
C009,G,C,T,T,A,T,T,T,Indica Intermediate,106.8
C010,G,C,T,T,A,C,T,T,Tropical Japonica,106.7
C011,G,C,T,T,A,T,T,T,Indica II,100.43
C012,A,C,T,A,A,C,T,T,Temperate Japonica,114.1
C013,G,C,C,T,T,C,T,C,Aus,150.43
C014,A,C,T,T,A,T,T,T,Japonica Intermediate,82.43
C015,G,C,C,T,T,C,C,C,Aus,152.2
C016,G,C,T,T,A,C,C,T,Temperate Japonica,77.73
C017,A,C,T,T,A,C,T,T,Temperate Japonica,92.67
C018,A,C,T,T,A,C,T,T,Temperate Japonica,78.27
C019,G,C,T,T,A,T,T,T,Indica I,80.25
C020,G,C,T,T,A,T,C,T,Indica I,78.17
C021,G,C,T,T,A,T,C,T,Indica I,80.83
C022,G,C,T,T,A,T,T,T,Indica I,77.3
C023,G,C,T,T,A,C,T,T,Temperate Japonica,89.39
C024,A,C,T,T,A,T,C,T,Indica I,85.33
C025,G,C,T,T,A,T,T,T,Indica Intermediate,82.83
C026,A,C,T,T,A,C,T,T,Temperate Japonica,104.7
C027,G,C,T,T,A,T,T,C,Indica Intermediate,100.47
C028,A,C,T,T,A,C,T,T,Temperate Japonica,86.97
C029,A,C,T,T,A,C,T,T,Japonica Intermediate,94.0
C030,G,C,T,T,A,T,T,T,Indica Intermediate,99.57
C031,G,C,T,T,A,T,T,T,Indica Intermediate,96.27
C032,A,C,T,T,A,C,T,T,Temperate Japonica,107.8
C033,G,C,T,T,A,T,C,T,Indica I,132.04
C034,G,C,T,T,A,C,T,T,Temperate Japonica,110.5
C035,A,C,T,T,A,C,T,T,Temperate Japonica,102.58
C036,G,C,T,T,T,T,C,T,Indica Intermediate,95.07
C037,G,C,T,T,A,T,T,T,Indica I,105.33
C038,G,C,T,T,A,T,T,T,Indica Intermediate,101.33
C039,G,C,T,T,A,T,C,T,Indica I,109.43
C040,G,C,T,T,A,T,C,T,Indica I,102.46
C041,G,C,T,T,A,T,T,C,Indica I,113.1
C042,G,C,T,T,A,T,T,T,Indica Intermediate,103.67
C043,G,C,T,T,A,T,T,T,Indica I,106.33
C044,G,C,T,T,A,T,T,T,Indica Intermediate,104.33
C045,G,C,T,T,A,T,T,C,Indica Intermediate,106.23
C046,G,C,T,T,A,T,T,T,Indica Intermediate,172.37
C047,G,C,C,T,T,T,T,T,Indica I,97.53
C048,A,C,T,T,A,C,T,T,Temperate Japonica,97.33
C049,G,C,T,T,A,T,T,T,Indica Intermediate,103.13
C050,G,C,T,T,A,T,T,T,Indica II,108.81
C051,A,C,T,T,A,T,T,T,Intermediate,99.9
C052,A,C,T,T,A,C,T,C,Temperate Japonica,107.0
C053,G,C,T,T,A,T,T,T,Indica Intermediate,116.63
C054,G,C,T,T,A,C,T,T,Temperate Japonica,97.9
C055,G,C,C,T,A,T,T,T,Indica I,119.03
C056,G,C,T,T,A,C,C,T,Temperate Japonica,99.03
C057,A,C,T,T,A,C,T,T,Japonica Intermediate,123.63
C058,G,C,T,T,A,T,C,T,Indica I,103.7
C059,G,C,T,T,A,T,C,T,Indica I,113.43
C060,G,C,T,T,A,T,C,C,Indica I,114.73
C061,G,C,T,T,A,T,T,T,Indica II,109.37
C062,G,C,T,T,A,T,T,T,Indica I,105.5
C063,A,C,T,A,A,C,C,C,Temperate Japonica,115.54
C064,A,C,T,T,A,C,T,T,Temperate Japonica,103.3
C065,G,C,T,T,A,T,T,T,Indica Intermediate,109.07
C066,G,C,T,T,T,T,T,C,Indica I,120.27
C067,G,C,T,T,A,C,T,C,Temperate Japonica,117.93
C068,G,C,T,T,A,T,T,T,Indica II,109.6
C069,G,C,T,T,A,T,T,T,Indica II,115.8
C070,G,C,T,A,A,C,T,T,Temperate Japonica,97.8
C071,G,C,T,T,A,C,T,C,Temperate Japonica,128.2
C072,G,C,T,T,T,T,T,T,Indica I,158.07
C073,G,C,C,T,T,T,T,C,Indica I,167.83
C074,G,C,T,T,A,C,T,C,Temperate Japonica,143.65
C075,G,C,T,T,A,C,T,C,Temperate Japonica,131.3
C076,G,C,C,T,A,T,C,C,Indica I,127.36
C077,G,C,C,T,A,T,C,C,Indica I,149.8
C078,G,C,T,T,T,T,T,C,Indica Intermediate,172.4
C079,G,C,T,A,A,C,T,C,Temperate Japonica,143.32
C080,G,C,C,T,T,T,T,T,Indica I,170.53
C081,G,C,C,T,A,T,C,C,Indica I,155.8
C082,G,C,T,T,A,C,T,C,Temperate Japonica,156.46
C083,G,C,T,A,A,T,C,T,Temperate Japonica,174.7
C084,G,C,T,T,A,C,C,C,Japonica Intermediate,157.62
C085,G,C,T,T,A,C,C,C,Japonica Intermediate,147.1
C086,G,C,C,T,A,C,T,C,Aus,147.17
C087,G,C,T,A,A,C,T,T,Temperate Japonica,141.27
C088,G,C,C,T,T,T,T,C,Indica I,135.4
C089,G,C,T,T,A,C,T,T,Temperate Japonica,142.43
C090,G,C,C,T,A,T,T,T,Indica Intermediate,177.29
C091,G,C,T,T,A,T,T,C,Indica I,170.07
C092,G,C,T,T,A,T,T,C,Indica I,168.47
C093,G,C,T,A,A,C,T,C,Temperate Japonica,164.73
C094,G,T,T,T,A,T,T,C,Indica Intermediate,154.87
C095,G,C,C,T,T,T,T,C,Indica I,163.37
C096,G,C,C,T,T,T,T,C,Indica Intermediate,166.4
C097,G,C,C,T,T,T,T,T,Indica Intermediate,172.2
C098,G,C,C,T,A,C,T,C,Indica Intermediate,178.27
C099,G,C,T,T,T,T,T,C,Indica Intermediate,176.8
C100,G,C,C,T,T,T,T,C,Indica Intermediate,166.45
C101,G,C,T,A,A,C,C,C,Temperate Japonica,192.07
C102,G,C,C,T,A,T,T,T,Indica Intermediate,150.67
C103,G,C,T,A,A,C,T,C,Temperate Japonica,202.07
C104,G,C,C,T,T,T,T,T,Indica I,179.14
C105,G,C,T,T,A,T,T,T,Indica Intermediate,170.17
C106,G,C,T,A,A,C,C,C,Temperate Japonica,191.0
C107,G,C,T,T,T,T,T,T,Indica III,193.67
C108,G,C,C,T,T,T,T,T,Indica I,156.8
C109,G,C,C,T,T,T,T,T,Indica I,162.1
C110,G,C,C,T,A,T,T,C,Indica I,159.33
C111,G,C,T,A,A,C,C,C,Temperate Japonica,206.13
C112,G,C,T,T,A,T,T,T,Indica I,77.43
C113,G,C,T,T,A,T,T,T,Indica Intermediate,73.77
C114,A,C,T,T,A,T,C,T,Indica Intermediate,86.87
C115,G,C,T,T,A,T,T,T,Indica II,80.4
C116,A,C,T,T,A,C,T,T,Temperate Japonica,87.03
C117,G,C,T,T,A,T,T,T,Indica Intermediate,110.43
C118,G,C,T,T,A,C,T,T,Indica II,88.27
C119,A,C,T,T,A,T,T,T,Temperate Japonica,86.17
C120,A,C,T,A,A,C,C,T,Temperate Japonica,97.63
C121,G,C,T,T,T,T,C,T,Indica Intermediate,150.67
C122,G,C,T,T,A,T,C,T,Indica I,118.1
C123,G,C,T,A,A,C,T,T,Tropical Japonica,118.83
C124,G,C,T,T,A,C,T,T,Indica Intermediate,110.27
C125,G,C,C,T,A,T,T,C,Indica I,145.65
C127,G,C,T,T,A,T,T,C,Indica I,152.54
C128,G,C,T,T,T,T,C,C,Indica I,158.23
C129,G,C,C,T,T,T,T,C,Indica Intermediate,166.87
C130,G,C,T,A,A,C,T,C,Temperate Japonica,155.4
C131,G,C,T,T,A,T,T,C,Indica I,165.07
C132,G,C,C,T,A,T,T,T,Indica Intermediate,169.67
C133,G,C,T,A,A,C,T,C,Temperate Japonica,170.8
C134,G,C,T,A,A,C,C,C,Temperate Japonica,172.46
C135,G,C,C,T,T,T,T,C,Indica I,136.39
C136,G,C,C,T,T,T,T,C,Indica I,182.14
C137,G,C,T,A,A,C,C,C,Temperate Japonica,170.0
C138,G,C,T,T,A,C,T,C,Temperate Japonica,190.9
C139,G,C,T,T,T,C,T,C,Indica I,185.33
C140,G,C,C,T,A,T,T,C,Indica I,164.4
C141,G,C,C,T,T,T,T,C,Indica I,190.93
C142,G,C,T,T,T,T,T,T,Indica III,198.57
C143,G,C,C,T,A,T,T,C,Indica I,170.36
C144,G,C,T,A,A,C,C,C,Temperate Japonica,206.73
C145,A,C,T,T,A,T,C,T,Indica I,92.33
C146,A,C,T,T,A,C,T,T,Temperate Japonica,74.7
C147,G,C,T,T,A,T,T,T,Indica II,108.1
C148,G,C,T,T,A,T,T,T,Indica II,117.2
C149,A,C,T,A,A,C,C,T,Temperate Japonica,102.47
C150,A,C,T,T,A,C,T,T,Temperate Japonica,90.32
C151,G,C,T,T,A,T,T,T,Indica I,107.73
C152,A,C,T,T,A,C,T,T,Temperate Japonica,100.0
C153,G,C,T,A,A,T,T,T,Tropical Japonica,105.07
C154,A,C,T,T,A,C,T,T,Temperate Japonica,77.43
C155,G,C,T,T,A,T,C,T,Indica I,69.47
C156,G,C,T,T,A,T,C,T,Indica I,73.13
C157,G,C,T,T,A,T,C,T,Indica I,75.1
C158,G,C,T,T,A,T,C,T,Indica I,85.17
C159,G,C,T,T,A,T,C,T,Indica I,95.8
C160,G,C,T,T,A,T,T,T,Indica Intermediate,83.68
C161,G,C,T,T,A,T,C,T,Indica I,93.5
C162,G,C,T,T,T,T,T,T,Indica Intermediate,97.77
C163,G,C,T,T,A,T,T,T,Indica II,104.17
C164,G,C,T,T,A,T,T,T,Indica II,95.53
C165,G,C,T,T,A,T,T,T,Indica I,96.03
C166,G,C,T,T,A,T,T,T,Indica Intermediate,94.73
C167,G,C,T,T,A,T,T,T,Indica Intermediate,108.23
C168,G,C,T,T,A,T,T,T,Indica Intermediate,104.87
C169,G,C,T,T,A,T,T,T,Indica Intermediate,118.07
C170,G,C,T,T,A,T,T,T,Indica I,94.87
C171,G,C,T,T,A,C,T,C,Temperate Japonica,140.61
C172,A,C,T,A,A,C,C,T,Temperate Japonica,102.37
C173,G,C,T,T,T,T,T,C,Indica I,114.4
C174,G,C,T,T,A,T,T,T,Indica II,111.43
C175,G,C,T,T,T,T,T,T,Indica Intermediate,111.2
C176,G,C,T,T,A,T,T,C,Indica Intermediate,97.67
C177,A,C,T,T,A,C,T,T,Temperate Japonica,112.87
C178,G,C,T,T,A,T,T,T,Indica I,107.67
C179,G,C,T,T,A,C,T,C,Temperate Japonica,133.53
C180,G,C,T,T,T,T,C,C,Indica I,147.15
C181,G,C,T,T,A,C,T,T,Temperate Japonica,137.9
C182,G,C,C,T,A,T,T,C,Indica I,161.2
C183,G,C,T,T,T,T,C,C,Indica I,160.57
C184,G,C,C,T,A,T,C,C,Indica I,156.17
C185,A,C,T,T,A,C,T,C,Japonica Intermediate,145.0
C186,G,C,T,T,A,C,T,C,Japonica Intermediate,180.0
C187,G,C,T,T,A,C,T,T,Temperate Japonica,144.47
C188,G,C,T,T,A,C,T,T,Temperate Japonica,137.8
C189,G,C,T,A,A,C,T,T,Temperate Japonica,162.36
C190,G,C,C,T,T,T,T,C,Indica I,160.9
C191,G,C,T,T,A,T,T,C,Indica I,171.27
C192,G,C,T,T,T,T,T,T,Indica Intermediate,185.07
C193,G,C,T,T,T,T,C,C,Indica I,158.4
C194,G,C,C,T,T,T,T,T,Indica Intermediate,173.4
C195,G,C,T,T,A,C,T,T,Temperate Japonica,171.79
C196,G,C,T,A,A,C,T,C,Temperate Japonica,193.0
C197,G,C,C,T,A,T,T,T,Indica I,175.77
C198,G,C,C,T,T,T,T,C,Indica Intermediate,173.77
C199,G,C,C,T,T,T,T,C,Indica I,187.53
C200,G,C,C,T,T,T,T,C,Indica I,189.1
C201,G,C,C,T,T,T,T,C,Indica Intermediate,194.93
C202,G,C,C,T,T,T,C,C,Indica I,176.33
C203,G,C,T,T,A,C,T,T,Indica I,77.33
W001,G,C,C,T,A,T,C,C,Indica I,146.4
W002,G,C,T,A,A,T,T,C,Tropical Japonica,157.4
W003,A,C,T,A,A,C,T,C,Tropical Japonica,140.4
W004,G,C,T,A,A,T,T,C,Tropical Japonica,158.2
W005,G,C,T,A,A,T,T,T,Tropical Japonica,133.8
W006,G,C,T,A,A,T,T,T,Tropical Japonica,149.8
W007,G,C,T,A,A,T,T,C,Tropical Japonica,150.8
W008,G,C,T,A,A,T,T,T,Tropical Japonica,147.0
W009,G,C,C,T,T,T,T,T,Indica III,193.8
W010,A,C,T,T,A,C,T,T,Japonica Intermediate,135.0
W011,G,C,T,A,A,C,T,T,Temperate Japonica,116.8
W012,A,C,T,T,A,C,T,T,Temperate Japonica,100.8
W013,A,C,T,T,A,C,T,T,Temperate Japonica,98.6
W014,G,C,C,T,T,C,C,T,VI/Aromatic,158.0
W015,G,C,C,T,T,C,T,C,Aus,157.8
W016,A,C,T,T,A,C,T,T,Temperate Japonica,78.8
W017,G,C,T,A,A,T,T,T,Tropical Japonica,126.2
W018,G,C,T,T,A,C,T,T,Temperate Japonica,93.4
W019,G,C,T,T,A,C,T,T,Japonica Intermediate,124.8
W020,G,C,C,T,T,T,C,C,Aus,136.6
W021,A,C,T,T,A,C,T,C,Japonica Intermediate,142.4
W022,G,C,T,A,A,T,T,T,Tropical Japonica,146.0
W023,G,C,C,T,T,T,T,T,Indica III,165.8
W024,G,C,T,A,A,T,T,T,Tropical Japonica,139.8
W025,G,C,C,T,T,C,T,C,Aus,154.2
W026,G,C,C,T,T,T,T,C,Indica I,160.6
W027,A,C,T,T,A,C,T,T,Temperate Japonica,116.8
W028,G,T,C,T,T,C,T,C,Aus,164.2
W029,G,C,T,T,A,T,C,C,Indica Intermediate,147.8
W030,G,C,C,T,A,C,T,T,Indica Intermediate,172.6
W031,G,C,C,T,T,T,T,C,Indica I,159.6
W032,G,C,C,T,T,T,T,C,Indica I,159.6
W033,G,C,T,T,T,T,T,C,Indica I,155.0
W034,G,C,C,T,T,C,T,C,Aus,165.8
W035,G,C,C,T,A,C,T,C,Indica Intermediate,196.2
W036,G,C,C,T,T,T,T,C,Indica I,157.8
W037,G,C,C,T,T,C,T,C,Indica Intermediate,173.8
W038,G,C,T,T,A,C,T,T,Temperate Japonica,138.0
W039,G,C,C,T,T,T,T,C,Indica I,152.0
W040,G,C,T,T,A,T,T,T,Indica II,108.4
W041,G,C,T,A,A,C,T,T,Tropical Japonica,169.4
W042,G,C,C,T,T,C,T,C,Indica Intermediate,185.4
W043,G,C,T,T,A,T,T,T,Indica Intermediate,105.4
W044,G,C,T,T,A,T,T,T,Indica II,98.8
W045,G,C,T,T,A,C,T,T,Temperate Japonica,98.0
W046,G,C,T,T,A,T,T,T,Indica II,96.0
W047,G,C,C,T,A,C,C,T,Japonica Intermediate,203.2
W048,G,C,C,T,T,C,C,C,Aus,190.2
W049,G,C,C,T,A,C,T,C,Aus,163.8
W050,G,C,T,T,A,C,C,C,VI/Aromatic,174.8
W051,G,C,T,T,A,T,T,T,Indica II,107.4
W052,A,C,T,T,A,C,T,T,Temperate Japonica,98.6
W053,G,C,T,A,A,T,T,T,Tropical Japonica,152.6
W054,G,C,C,T,T,T,T,T,Indica Intermediate,190.2
W055,G,C,T,A,A,C,T,T,Intermediate,171.4
W056,G,C,T,A,A,C,T,T,Temperate Japonica,129.0
W057,G,C,T,A,A,T,T,T,Tropical Japonica,182.2
W058,G,C,T,T,A,T,T,T,Indica I,150.6
W059,G,C,T,T,A,C,T,T,Temperate Japonica,115.8
W060,A,C,T,A,A,C,T,T,Temperate Japonica,119.4
W061,A,C,T,T,A,C,T,T,Japonica Intermediate,121.8
W062,G,C,T,T,A,C,T,T,Tropical Japonica,153.4
W063,A,C,T,T,A,C,T,T,Japonica Intermediate,114.2
W064,G,C,T,T,A,C,T,T,Temperate Japonica,106.2
W065,G,C,T,A,A,T,T,T,Tropical Japonica,149.4
W066,G,C,C,T,T,T,T,T,Indica Intermediate,102.2
W067,G,C,T,A,A,T,T,T,Tropical Japonica,152.6
W068,G,C,T,T,A,C,T,T,Temperate Japonica,139.8
W069,G,C,C,T,T,C,T,C,Aus,146.4
W070,G,C,T,T,A,C,T,T,Indica Intermediate,160.4
W071,G,C,C,T,A,T,T,T,Indica Intermediate,104.6
W072,G,C,C,T,T,C,T,C,Aus,154.0
W073,G,C,T,T,A,T,T,C,Indica II,98.8
W074,G,C,C,T,A,T,T,C,Indica Intermediate,162.2
W075,G,C,C,T,A,C,T,C,Indica Intermediate,186.2
W076,G,C,C,T,T,C,T,C,Aus,155.0
W077,G,C,C,T,T,C,C,C,VI/Aromatic,182.4
W078,G,C,T,T,A,T,C,T,Indica Intermediate,96.8
W079,G,C,C,T,T,T,C,T,Intermediate,147.6
W080,G,C,C,T,A,T,T,T,Indica I,141.4
W081,G,C,C,T,A,C,C,C,VI/Aromatic,130.2
W082,G,C,T,T,A,C,T,C,Temperate Japonica,125.0
W083,G,C,T,T,A,T,T,T,Indica Intermediate,116.4
W084,G,C,T,T,T,T,T,C,Indica Intermediate,114.4
W085,G,C,T,T,A,T,T,C,Indica Intermediate,118.6
W086,G,C,T,T,A,T,T,T,Indica II,103.4
W087,A,C,T,T,A,T,T,T,Indica I,77.2
W088,A,C,T,T,A,C,T,T,Temperate Japonica,70.6
W089,G,C,C,T,T,T,T,T,Indica III,136.4
W090,G,C,C,T,T,C,T,C,Aus,137.4
W091,G,C,C,T,T,C,C,C,Aus,148.2
W092,G,C,C,T,T,C,T,C,Aus,144.8
W093,G,C,C,T,T,T,T,T,Indica III,133.0
W094,G,C,C,T,T,C,T,C,Aus,141.8
W095,G,C,C,T,T,C,C,C,Aus,165.8
W096,G,C,C,T,T,C,T,C,Aus,165.2
W097,G,C,T,T,A,C,T,C,Intermediate,137.0
W098,G,C,C,T,T,C,T,C,Aus,158.8
W099,G,C,C,T,T,C,T,C,Aus,149.0
W100,G,C,C,T,T,C,T,C,Aus,177.2
W101,G,C,T,T,A,T,T,C,Indica Intermediate,149.8
W102,G,C,T,A,A,C,T,C,Tropical Japonica,182.6
W103,G,C,C,T,T,C,T,C,Aus,111.4
W104,G,C,C,T,T,C,T,C,Aus,145.4
W105,G,C,C,T,A,C,T,C,Aus,156.6
W106,G,C,C,T,T,C,T,T,Aus,169.4
W107,G,C,T,T,T,T,T,C,Indica Intermediate,163.2
W108,G,C,C,T,T,C,T,C,Aus,161.2
W109,A,C,T,T,A,C,T,T,Temperate Japonica,99.4
W110,G,C,T,A,A,T,T,C,Tropical Japonica,154.4
W111,G,C,C,T,T,T,T,T,Indica III,203.6
W112,G,C,T,T,T,C,T,T,Indica III,167.2
W113,G,C,T,A,A,T,T,T,Tropical Japonica,141.0
W114,G,C,C,T,A,T,T,C,Indica III,181.4
W115,G,C,C,T,T,C,T,C,Aus,153.4
W116,G,C,T,A,A,C,T,T,Tropical Japonica,175.4
W117,A,C,T,T,A,C,T,T,Temperate Japonica,98.6
W118,G,C,T,T,A,T,T,T,Tropical Japonica,84.2
W119,A,C,T,A,A,T,T,T,Tropical Japonica,95.4
W120,A,C,T,T,A,T,T,T,Temperate Japonica,109.6
W121,G,C,C,T,T,C,T,C,Aus,177.6
W122,G,C,T,T,A,C,T,C,Japonica Intermediate,169.8
W123,G,C,T,A,A,T,T,T,Tropical Japonica,140.8
W124,G,C,C,T,T,T,T,C,Indica I,134.0
W125,A,C,T,T,T,C,T,T,Intermediate,152.0
W126,G,C,C,T,T,T,T,C,Indica I,157.6
W127,G,C,T,T,A,C,T,C,Japonica Intermediate,142.6
W128,A,C,C,A,T,C,T,T,Intermediate,149.8
W129,G,C,C,T,A,C,T,C,VI/Aromatic,151.2
W130,A,C,T,T,A,C,T,T,Temperate Japonica,92.6
W131,G,C,C,T,T,C,T,C,Aus,161.0
W132,G,C,T,T,T,T,C,C,Indica I,156.0
W133,G,C,T,T,A,T,T,C,Indica Intermediate,157.8
W134,G,C,C,T,A,C,T,C,Aus,150.0
W135,G,C,T,T,A,C,T,C,Indica Intermediate,172.8
W136,G,C,C,T,T,C,C,C,VI/Aromatic,188.6
W137,G,C,C,T,A,C,T,C,Indica Intermediate,125.6
W138,G,C,T,T,A,T,T,T,Indica I,102.0
W139,G,C,T,T,A,C,T,T,Temperate Japonica,96.4
W140,G,C,C,T,T,C,T,T,Aus,145.8
W141,G,C,C,T,T,C,T,C,Aus,151.6
W142,G,C,C,T,T,C,T,C,Aus,149.4
W143,G,C,T,A,A,C,C,C,Japonica Intermediate,196.8
W144,G,C,C,T,A,T,T,C,Indica I,168.4
W145,G,C,C,T,A,C,T,T,Indica Intermediate,177.4
W146,G,C,C,T,A,T,T,T,Indica I,127.4
W147,G,C,T,T,T,T,T,T,Indica Intermediate,117.6
W148,G,C,T,T,T,T,T,T,Indica Intermediate,168.4
W149,G,C,T,T,A,T,T,T,Indica Intermediate,112.6
W150,G,C,T,T,A,T,T,T,Indica II,104.6
W151,G,C,T,T,A,T,T,T,Indica II,98.0
W152,G,C,T,T,A,T,T,T,Indica II,110.0
W153,G,C,T,T,A,T,T,T,Indica II,103.8
W154,G,C,T,T,T,T,T,T,Indica II,102.4
W155,A,C,T,T,T,T,T,T,Indica Intermediate,98.4
W156,G,C,T,T,A,T,T,T,Indica I,99.2
W157,G,C,T,T,A,T,T,T,Indica Intermediate,95.2
W158,A,C,T,T,A,C,T,T,Intermediate,107.2
W159,G,C,T,T,A,T,T,T,Indica II,95.2
W160,A,C,T,T,A,C,T,T,Temperate Japonica,96.0
W161,G,C,T,T,A,T,T,T,Indica II,102.0
W162,A,C,T,T,A,C,T,T,Temperate Japonica,98.4
W163,G,C,T,T,A,T,T,T,Indica Intermediate,91.4
W164,G,C,T,T,A,T,T,T,Indica Intermediate,88.6
W165,G,C,T,T,A,T,T,T,Indica Intermediate,103.8
W166,G,C,T,T,A,T,T,T,Indica Intermediate,137.8
W167,G,C,T,T,A,T,T,T,Indica Intermediate,135.2
W168,G,C,T,T,A,T,T,T,Indica II,101.4
W169,G,C,T,T,A,T,T,T,Indica II,93.6
W170,G,C,T,T,A,T,T,T,Indica II,90.6
W171,G,C,T,T,A,C,T,T,Indica Intermediate,96.8
W172,G,C,T,T,T,T,T,T,Indica II,100.2
W173,G,C,T,T,A,C,T,T,Tropical Japonica,121.6
W174,G,C,T,T,A,T,T,T,Indica II,84.0
W175,G,C,T,T,A,C,T,T,Intermediate,101.0
W176,G,C,T,T,A,T,T,T,Indica II,101.4
W177,G,C,T,T,A,T,T,T,Indica II,100.0
W178,G,C,C,T,A,T,T,T,Indica III,97.8
W179,G,C,T,T,A,T,T,T,Indica II,93.8
W180,G,C,T,T,A,T,T,T,Indica Intermediate,108.0
W181,G,C,T,T,T,T,T,T,Indica Intermediate,105.8
W182,G,C,T,T,A,T,T,T,Indica II,101.2
W183,G,C,T,T,A,T,T,T,Indica II,96.6
W184,G,C,T,T,A,T,T,T,Indica II,98.0
W185,G,C,T,T,A,T,T,T,Indica II,95.6
W186,G,C,T,T,A,T,T,T,Indica Intermediate,98.2
W187,G,C,T,T,A,T,T,T,Indica Intermediate,105.2
W188,G,C,T,T,A,T,T,C,Indica II,102.0
W189,G,C,T,T,A,T,T,T,Indica II,114.2
W191,G,C,T,T,T,T,T,C,Intermediate,121.0
W192,G,C,T,T,T,T,T,C,Intermediate,121.2
W193,A,C,T,A,A,C,T,T,Temperate Japonica,121.4
W194,G,C,T,T,T,T,T,T,Indica II,108.8
W195,G,C,T,T,A,T,T,T,Indica II,123.8
W197,G,C,T,T,A,T,T,T,Indica II,112.8
W198,G,C,C,T,A,T,T,C,Indica Intermediate,180.0
W199,G,C,T,T,A,T,T,C,Indica Intermediate,125.2
W200,G,C,T,T,A,T,T,T,Indica Intermediate,115.4
W201,G,C,T,T,A,T,T,T,Indica Intermediate,108.2
W202,G,C,T,T,A,T,T,T,Indica Intermediate,112.0
W203,G,C,C,T,T,T,T,T,Indica Intermediate,185.6
W204,G,C,C,T,A,T,T,T,Indica I,154.2
W205,G,C,C,T,A,T,T,T,Indica I,161.8
W206,G,C,T,T,A,T,T,C,Indica Intermediate,112.0
W207,A,C,T,T,A,C,T,T,Temperate Japonica,114.6
W208,G,C,T,A,A,T,T,T,Temperate Japonica,119.6
W209,A,C,T,T,A,C,T,T,Temperate Japonica,142.4
W210,G,C,C,T,A,T,C,T,Indica I,166.4
W211,G,C,T,T,A,T,T,T,Indica II,97.0
W212,G,C,C,T,A,T,T,C,Indica Intermediate,159.6
W213,G,C,T,T,A,T,T,T,Indica Intermediate,137.4
W214,G,C,C,T,T,C,T,C,Aus,153.8
W215,G,C,C,T,T,C,T,C,Aus,154.4
W216,G,C,T,T,A,T,T,T,Indica II,113.8
W217,G,C,T,T,A,T,T,T,Indica Intermediate,133.8
W218,G,C,T,T,A,T,T,T,Indica Intermediate,133.6
W219,G,C,C,T,T,C,C,C,VI/Aromatic,161.0
W220,G,C,C,T,T,C,C,C,VI/Aromatic,172.0
W221,G,C,C,T,A,T,T,T,Indica Intermediate,112.4
W222,G,C,T,T,A,T,T,T,Indica II,115.6
W223,G,C,T,T,A,T,C,T,Indica II,103.6
W224,G,C,T,T,A,T,T,T,Indica II,116.0
W225,G,C,T,T,A,T,T,T,Tropical Japonica,90.2
W226,A,C,T,T,A,T,T,T,Temperate Japonica,93.2
W227,G,C,T,T,A,T,T,T,Indica Intermediate,106.6
W228,G,C,T,T,A,T,T,T,Indica II,115.0
W229,G,C,T,T,A,T,T,T,Indica II,119.4
W230,G,C,T,T,A,T,T,T,Indica II,-9.0
W231,G,C,T,T,A,T,T,T,Indica II,117.0
W233,G,C,T,T,A,T,T,T,Indica Intermediate,114.2
W234,G,C,T,T,A,T,T,T,Indica Intermediate,112.8
W235,G,T,C,T,T,T,T,C,Indica I,148.4
W236,G,C,T,T,A,T,T,T,Indica II,101.8
W237,G,C,T,T,A,T,T,T,Indica II,115.8
W238,G,C,T,T,A,T,T,T,Indica II,95.4
W239,G,C,T,T,A,T,T,C,Indica Intermediate,109.8
W240,G,C,T,T,A,C,T,T,Indica Intermediate,111.6
W241,G,C,C,T,T,T,T,T,Indica II,119.2
W242,G,C,T,T,A,T,T,T,Indica Intermediate,106.2
W243,G,C,T,T,A,T,T,T,Indica II,105.6
W244,G,C,T,T,A,T,T,T,Indica II,102.4
W245,G,C,T,T,A,T,T,T,Indica Intermediate,121.6
W246,G,C,T,T,A,T,T,C,Indica Intermediate,151.0
W247,G,C,C,T,A,T,C,T,Indica I,170.2
W248,G,C,T,T,A,T,T,T,Indica I,145.4
W249,A,C,T,A,A,C,T,T,Temperate Japonica,125.8
W250,A,C,T,A,A,C,T,T,Temperate Japonica,123.2
W251,G,C,T,A,A,T,T,T,Tropical Japonica,129.8
W252,G,C,C,T,T,C,C,C,VI/Aromatic,178.0
W253,G,C,T,A,A,T,T,T,Tropical Japonica,146.2
W254,G,C,T,A,A,T,T,T,Tropical Japonica,143.4
W255,G,C,C,T,T,C,C,C,VI/Aromatic,145.8
W256,G,C,C,T,A,C,C,C,VI/Aromatic,160.0
W257,G,C,T,A,A,T,T,T,Tropical Japonica,171.6
W258,G,C,C,T,A,C,C,C,VI/Aromatic,158.4
W259,G,C,T,T,A,T,T,T,Indica II,106.0
W260,G,C,T,T,A,T,T,C,Tropical Japonica,134.0
W261,G,C,T,T,T,C,C,C,Intermediate,132.4
W262,G,C,T,T,A,T,T,T,Indica I,83.8
W263,G,C,T,T,A,T,T,T,Indica Intermediate,114.8
W264,G,C,T,T,A,T,T,T,Indica Intermediate,91.4
W265,G,C,T,T,A,T,T,T,Indica Intermediate,120.4
W266,G,C,T,T,A,T,T,C,Indica III,132.6
W267,G,C,T,T,A,T,T,T,Indica Intermediate,114.4
W268,G,C,T,T,A,T,T,T,Indica Intermediate,91.4
W269,G,C,T,T,A,T,T,C,Indica Intermediate,96.0
W270,G,C,T,T,A,T,T,C,Indica Intermediate,99.0
W271,G,C,T,T,A,T,T,T,Indica Intermediate,95.8
W272,G,C,C,T,T,T,T,C,Indica Intermediate,155.6
W273,G,C,T,A,A,T,T,C,Tropical Japonica,156.2
W274,G,C,T,T,T,T,T,T,Indica I,70.8
W275,G,C,T,A,A,T,T,T,Tropical Japonica,148.2
W276,G,C,T,T,A,T,T,T,Indica III,160.2
W277,G,C,C,T,T,C,C,C,Aus,142.0
W278,G,C,C,T,T,C,C,C,Aus,146.6
W279,G,C,C,T,T,C,C,C,Aus,166.6
W280,G,C,C,T,T,C,T,C,Aus,145.8
W281,G,C,T,T,A,C,T,T,Temperate Japonica,150.0
W282,G,C,C,T,A,T,T,C,Indica Intermediate,134.8
W283,A,C,T,T,A,C,T,T,Temperate Japonica,68.4
W284,G,C,T,A,A,T,T,C,Tropical Japonica,135.4
W285,G,C,T,A,A,T,T,T,Tropical Japonica,134.6
W286,G,C,C,T,T,C,T,C,Aus,154.8
W287,G,C,C,T,T,C,T,C,Aus,150.2
W288,G,C,T,A,A,T,T,C,Tropical Japonica,144.2
W289,G,C,T,T,A,T,T,T,Indica II,104.4
W290,G,C,T,T,A,C,C,T,Temperate Japonica,116.4
W291,G,C,T,T,T,T,T,T,Indica II,96.6
W292,G,C,C,T,T,C,T,C,Aus,164.2
W293,G,C,T,T,A,T,T,T,Indica II,83.4
W294,G,C,T,T,A,T,T,T,Intermediate,118.8
W295,G,C,T,T,A,T,T,T,Indica II,99.6
W296,G,C,C,T,T,C,T,C,Aus,138.8
W297,G,C,C,T,T,C,T,C,Aus,161.2
W298,G,C,T,T,T,T,T,T,Indica II,95.2
W299,G,C,T,T,T,T,T,T,Indica Intermediate,90.8
W300,G,C,T,T,A,T,T,T,Tropical Japonica,107.2
W301,G,C,T,T,A,T,T,T,Indica II,95.6
W302,G,C,T,T,A,C,T,T,Tropical Japonica,166.8
W303,G,C,T,A,A,T,T,T,Tropical Japonica,157.8
W304,G,C,T,T,T,T,T,T,Intermediate,95.8
W305,A,C,T,T,A,C,T,T,Temperate Japonica,74.0
W306,G,C,T,T,T,C,C,C,VI/Aromatic,129.6
W307,G,C,T,T,A,T,T,T,Indica II,101.0
W308,G,C,T,T,A,T,T,T,Indica II,109.4
W309,G,C,T,T,A,T,T,T,Indica II,112.2
W310,G,C,C,T,A,T,T,T,Indica Intermediate,111.2
W311,G,C,T,T,A,T,T,T,Indica II,100.6
W312,G,C,T,T,A,T,T,T,Indica II,111.6
W313,G,C,T,T,A,C,T,T,Indica II,110.4
W314,G,C,C,T,A,T,T,C,Indica II,111.2
W315,G,C,T,T,A,T,T,T,Indica II,102.0
W316,G,C,T,T,A,T,T,T,Indica II,99.0
W317,G,C,T,T,A,T,T,T,Indica II,110.4
W318,G,C,T,T,A,T,T,T,Indica I,139.3
W319,G,C,T,A,A,C,C,C,Temperate Japonica,174.2
W320,G,C,C,T,T,T,T,C,Indica Intermediate,177.2
W321,G,C,T,T,T,T,T,T,Indica III,160.6
W322,G,C,T,T,A,T,T,T,Indica Intermediate,109.0
W323,A,C,T,T,A,C,T,C,Japonica Intermediate,136.4
W324,G,C,T,T,A,C,T,C,Japonica Intermediate,156.0
W325,G,C,T,A,A,C,T,C,Temperate Japonica,135.8
W326,G,C,T,T,A,C,T,C,Japonica Intermediate,155.4
W327,A,C,T,T,A,C,T,C,Temperate Japonica,89.8
W328,A,C,T,T,A,C,T,T,Intermediate,117.4
W329,G,C,T,T,A,T,T,C,Tropical Japonica,147.4
W330,G,C,C,T,T,C,C,C,Aus,149.6
